,n0,n1,n2,n3,n0_r,n1_r,n2_r,n3_r,period,mouse_id,classes
0,0,376,16,15,,92.38329238329239,3.9312039312039313,3.6855036855036856,pre,33_1,"[1 1 1 1 1 2 1 1 1 1 1 1 1 1 1 1 1 1 1 1 1 1 1 1 1 1 1 1 1 1 1 1 1 1 1 1 1
 1 1 1 1 1 1 1 1 1 1 1 1 1 1 1 3 1 1 1 1 1 1 1 1 1 1 1 1 1 1 1 1 1 1 1 1 1
 1 1 1 1 1 1 1 1 1 1 1 1 1 1 1 1 1 1 1 1 3 1 1 1 1 1 1 1 1 1 1 1 1 1 1 1 1
 2 1 1 1 1 1 1 1 1 1 1 1 2 3 1 1 1 1 1 1 1 1 1 1 1 1 1 1 1 3 1 1 1 1 1 1 1
 1 1 1 1 1 1 1 1 1 1 1 1 1 3 1 1 1 1 1 1 1 1 1 1 1 1 1 1 1 1 1 1 1 1 1 1 1
 1 1 2 1 1 1 1 1 1 1 1 1 1 1 1 1 1 1 1 1 2 1 1 1 1 2 1 1 1 1 1 1 1 1 1 1 3
 1 1 1 1 1 1 1 1 1 1 3 1 1 1 1 1 1 1 1 1 1 1 1 1 2 1 2 1 1 1 1 3 1 2 1 1 1
 1 3 1 1 2 1 2 1 2 1 1 1 1 1 1 1 1 1 1 1 1 1 1 1 1 1 3 2 1 1 1 1 1 1 2 1 1
 1 1 1 1 1 2 1 1 1 1 1 1 1 1 1 3 1 1 1 2 1 1 1 1 1 1 1 1 1 1 3 1 1 1 1 1 1
 1 1 1 1 1 1 1 1 1 1 1 1 3 3 1 1 1 1 1 1 1 1 1 1 1 1 1 1 1 1 1 1 1 1 1 1 1
 1 1 1 1 1 1 1 1 1 3 1 1 1 1 1 1 1 1 1 1 1 1 1 1 1 1 1 1 1 1 1 1 1 1 1 1 1]"
1,103,298,1,5,,98.02631578947368,0.3289473684210526,1.644736842105263,early,33_1,"[1 1 0 1 1 1 1 0 1 1 1 1 0 1 1 0 0 1 1 1 1 1 1 0 1 0 1 1 1 1 2 1 1 0 0 0 1
 1 1 1 1 1 1 1 1 0 1 0 0 1 0 1 1 1 1 1 1 1 1 1 1 0 1 0 0 0 1 1 1 1 1 1 1 1
 1 1 1 1 1 1 1 1 1 1 1 0 1 1 0 1 1 1 1 0 0 0 1 1 0 1 1 0 1 0 1 1 1 1 1 1 1
 1 1 1 1 0 1 1 1 1 1 0 1 1 1 1 1 1 1 1 1 1 1 1 1 0 0 0 1 1 3 1 1 0 0 0 1 1
 0 1 0 1 1 1 1 1 1 1 0 0 1 1 0 0 0 0 1 1 1 0 1 1 0 0 0 0 1 0 0 0 0 0 1 1 1
 0 1 1 1 1 0 1 0 0 1 0 0 0 0 1 1 1 1 1 1 3 1 1 1 1 1 1 1 1 1 1 1 1 1 1 0 3
 1 1 1 1 1 1 0 1 1 1 1 1 1 1 0 1 1 1 0 1 0 1 1 1 1 1 1 1 1 1 1 1 1 1 1 1 1
 1 1 0 1 1 1 1 1 1 1 1 1 1 1 1 0 1 1 1 1 1 1 1 0 1 3 1 0 1 1 1 1 0 1 1 1 1
 1 0 1 0 1 1 1 3 0 1 1 1 1 1 1 1 1 0 1 1 1 1 0 1 1 1 0 0 0 1 1 1 1 1 1 1 1
 1 1 1 1 1 0 1 1 0 1 1 0 1 1 1 1 1 1 0 1 1 0 1 1 0 1 1 1 0 1 0 1 0 1 1 1 1
 0 0 0 1 1 0 1 1 0 1 0 0 1 1 1 0 1 1 1 1 1 0 1 1 0 1 1 1 0 0 0 1 0 0 0 1 1]"
2,85,317,2,3,,98.4472049689441,0.6211180124223602,0.9316770186335404,late,33_1,"[1 1 0 1 1 1 1 0 1 1 1 1 1 1 1 1 0 1 1 1 1 1 1 1 1 0 1 1 1 1 1 1 1 0 0 1 1
 1 1 1 1 1 1 1 1 1 1 1 1 0 1 1 1 1 1 1 1 1 1 1 1 1 1 0 1 1 1 1 1 1 1 1 1 1
 1 1 1 1 1 1 0 1 1 0 1 1 1 1 1 1 1 1 1 1 1 0 1 1 0 1 1 0 1 0 1 1 1 1 1 1 1
 1 1 1 1 1 1 1 1 1 1 1 1 0 1 1 1 1 1 1 1 1 1 1 1 0 0 1 1 0 2 0 1 0 1 1 1 1
 0 0 0 1 1 1 1 1 1 1 0 0 1 1 0 0 0 0 0 1 1 1 1 1 0 1 0 0 1 1 0 0 0 0 1 1 1
 0 1 1 1 1 0 1 0 0 1 0 0 0 0 1 1 1 1 1 1 1 1 1 1 1 1 1 1 1 1 1 1 1 1 1 1 3
 1 1 1 1 1 1 0 1 1 1 1 1 0 1 0 0 1 1 0 1 0 1 1 1 2 1 1 1 1 1 1 1 1 1 1 1 1
 1 1 0 1 1 1 1 1 1 1 1 1 1 1 1 0 1 1 1 1 1 1 1 1 1 3 1 0 1 1 1 1 1 1 1 1 1
 1 0 1 0 1 1 3 1 1 1 1 1 1 1 1 1 1 0 1 1 1 1 0 1 1 1 0 0 0 1 0 1 1 1 1 1 1
 0 1 1 1 1 1 1 0 0 1 1 0 1 1 1 1 1 1 0 1 1 0 1 0 1 0 1 1 1 1 0 1 0 1 1 1 1
 1 1 0 0 1 1 1 1 0 1 0 0 1 1 1 1 1 1 1 1 1 0 1 1 0 1 1 1 0 0 1 0 0 0 0 1 1]"
3,27,103,58,58,,47.03196347031963,26.48401826484018,26.48401826484018,pre,41_1,"[2 2 3 2 2 3 3 2 0 3 2 1 1 1 2 1 0 3 3 2 3 1 3 1 1 1 1 1 1 1 1 3 2 2 1 3 1
 1 1 1 1 2 2 3 2 2 1 1 1 1 3 2 1 1 1 1 2 3 1 1 1 1 1 0 3 1 1 1 1 1 1 1 2 2
 1 1 1 3 1 1 1 3 0 1 2 2 3 3 3 3 1 3 0 3 2 1 3 1 3 1 3 2 1 2 2 3 2 3 2 3 2
 0 2 3 0 0 3 1 3 1 3 3 1 3 2 2 3 3 3 2 0 2 3 1 3 2 3 0 2 3 2 2 2 1 3 1 3 1
 2 3 1 2 1 1 1 0 2 2 1 2 1 1 2 1 3 2 2 1 1 3 2 3 2 3 1 3 2 2 3 2 3 0 2 0 0
 3 1 1 1 1 1 1 1 2 3 3 2 1 1 1 1 1 1 3 2 1 1 1 3 2 2 2 1 1 1 1 2 3 1 1 1 1
 1 1 3 1 1 1 0 0 1 1 0 0 1 0 0 1 1 0 0 0 0 0 0 0]"
4,50,191,5,0,,97.44897959183673,2.5510204081632653,0.0,early,41_1,"[1 0 0 0 0 0 0 0 0 0 0 0 0 1 1 1 0 1 1 0 1 1 1 2 1 1 1 1 0 1 1 0 1 1 1 1 1
 1 1 1 1 1 1 1 0 1 2 1 1 1 1 1 1 1 1 1 1 1 1 1 1 1 1 1 1 1 1 1 2 1 1 1 1 2
 1 1 1 1 1 1 1 1 1 1 1 1 1 1 1 1 1 1 1 1 1 2 0 1 1 1 0 0 1 1 1 1 1 1 1 0 1
 1 0 1 1 1 1 1 1 1 1 1 1 1 0 0 1 0 0 1 1 0 1 1 0 0 0 1 1 1 0 1 1 0 0 1 1 1
 1 1 1 1 1 1 1 1 1 1 0 0 1 1 1 1 1 1 1 1 0 1 1 1 0 1 1 0 0 1 1 0 0 0 1 1 1
 1 1 1 1 1 1 1 0 1 0 1 1 1 1 1 1 1 1 0 1 1 1 1 0 1 0 1 1 1 1 1 0 1 1 1 1 1
 1 1 1 1 1 1 1 1 1 1 1 0 1 0 1 1 1 1 1 1 1 1 1 1]"
5,57,160,25,4,,84.65608465608466,13.227513227513226,2.1164021164021163,late,41_1,"[1 0 0 0 0 0 0 0 0 0 0 0 1 2 1 1 0 1 1 0 1 1 2 2 0 1 1 2 1 1 1 1 1 1 1 1 1
 1 3 1 2 1 3 1 1 1 1 1 1 1 0 1 1 1 1 1 1 1 2 1 1 1 1 1 1 1 1 1 1 1 1 1 1 1
 3 1 1 1 2 1 1 1 2 1 1 1 1 1 1 1 1 1 0 0 1 1 0 2 1 1 0 1 1 0 2 2 1 1 1 0 2
 1 0 1 1 2 1 1 1 1 1 1 1 1 0 0 1 0 0 1 1 0 2 2 0 0 0 1 1 1 0 1 1 1 0 1 1 1
 1 1 1 2 0 1 2 1 1 1 0 0 1 2 2 1 1 1 1 1 1 1 1 1 2 1 1 0 0 1 1 1 0 0 0 0 1
 1 1 2 1 1 1 1 1 1 0 0 1 2 0 2 1 1 1 0 1 1 1 0 3 1 1 2 1 1 1 1 0 1 1 1 0 1
 0 1 1 1 1 0 1 0 1 1 1 0 1 0 1 2 1 0 1 0 0 1 1 0]"
6,0,77,3,2,,93.90243902439023,3.6585365853658534,2.4390243902439024,pre,63_1,"[1 1 1 1 1 1 1 1 1 1 1 1 1 1 1 1 1 1 1 3 2 1 1 1 1 1 1 1 1 1 1 2 3 1 1 1 1
 1 1 1 1 1 1 1 1 1 1 1 1 1 1 1 1 1 1 1 1 1 1 1 1 1 1 2 1 1 1 1 1 1 1 1 1 1
 1 1 1 1 1 1 1 1]"
7,31,51,0,0,,100.0,0.0,0.0,early,63_1,"[0 1 1 1 1 0 0 1 0 1 1 1 1 1 1 1 0 0 1 1 1 0 0 1 1 0 0 1 1 1 0 1 1 0 1 1 1
 1 0 0 1 1 0 0 0 1 0 1 0 1 1 0 0 0 0 0 1 1 1 1 0 1 0 1 1 1 1 1 1 0 0 1 0 1
 1 1 1 0 0 1 1 1]"
8,16,66,0,0,,100.0,0.0,0.0,late,63_1,"[0 1 0 1 1 0 1 1 0 1 1 1 1 0 1 1 1 0 1 1 0 1 1 1 1 1 0 1 1 1 0 1 1 1 1 1 1
 1 1 0 1 1 0 1 0 0 0 1 1 1 1 1 1 1 1 0 1 1 1 1 1 1 1 1 1 1 1 1 1 1 1 1 1 0
 1 1 1 1 1 1 1 1]"
9,18,268,32,32,,80.72289156626506,9.63855421686747,9.63855421686747,pre,69_1,"[1 1 1 1 1 1 1 0 1 1 2 1 1 2 1 1 1 1 1 1 1 1 1 0 1 1 1 1 2 3 1 1 1 3 1 2 1
 1 3 2 3 1 3 3 1 1 1 2 1 3 1 1 1 1 1 1 1 1 1 1 2 1 1 1 3 1 1 2 1 1 3 1 2 1
 1 1 1 1 1 2 1 3 1 1 1 1 1 2 1 1 1 1 1 2 2 1 1 1 2 3 3 1 2 1 1 1 3 1 1 1 1
 1 1 1 2 3 1 1 1 1 3 1 1 3 1 1 1 1 1 1 1 3 1 3 1 3 1 1 3 1 1 2 1 1 1 1 1 1
 1 1 3 2 1 3 1 2 1 1 1 1 1 2 2 1 2 1 1 2 2 1 3 1 1 1 2 1 1 1 1 1 2 1 2 3 1
 1 1 2 1 1 1 3 1 1 3 1 1 1 1 3 1 2 1 1 1 1 1 1 2 1 1 1 1 1 1 1 1 1 1 1 1 3
 1 1 3 1 2 1 1 1 1 1 1 1 1 1 1 1 1 1 1 1 1 1 0 1 1 1 3 1 1 1 1 1 1 1 1 1 1
 1 1 1 1 1 2 1 1 1 1 1 1 1 1 1 1 3 1 1 1 1 1 1 1 1 1 1 1 1 1 1 1 1 1 1 1 1
 1 1 1 1 1 1 1 1 0 1 1 0 1 1 1 1 1 1 1 1 0 1 1 1 1 3 1 1 0 1 1 0 1 1 1 1 1
 1 1 1 1 1 1 1 0 0 0 0 0 0 0 0 0 0]"
10,3,276,66,5,,79.53890489913545,19.020172910662826,1.440922190201729,early,69_1,"[1 1 1 2 1 1 1 1 1 1 1 3 1 1 1 1 1 1 1 1 1 1 1 0 1 1 1 2 1 1 1 1 1 2 1 1 1
 1 1 2 1 1 1 1 1 1 2 2 1 1 1 1 2 1 1 2 1 1 2 1 1 1 1 1 1 1 2 2 2 1 2 1 2 1
 1 1 3 1 2 1 1 1 1 1 1 1 1 1 1 1 1 1 2 1 2 2 2 1 1 1 1 2 2 2 3 1 1 1 1 1 1
 1 1 1 2 1 1 2 1 1 1 1 1 1 1 2 1 1 1 1 2 1 1 1 1 1 2 2 0 1 2 1 1 1 1 1 1 2
 1 2 1 1 1 2 1 1 1 2 2 2 1 2 1 1 1 1 1 1 2 1 1 1 3 1 1 1 1 1 1 1 2 2 2 1 1
 1 1 1 1 2 1 1 1 1 1 2 2 1 2 1 1 1 1 2 1 2 1 2 1 1 1 1 1 1 2 1 2 1 1 1 1 1
 2 2 2 1 1 2 1 1 1 1 1 1 1 1 1 1 1 1 1 1 1 2 0 1 1 1 1 1 1 1 1 1 1 2 2 1 1
 1 3 1 1 1 1 1 1 1 1 2 1 1 1 1 1 1 1 1 1 1 1 1 1 2 2 1 1 1 2 1 1 1 1 1 1 1
 1 1 1 1 1 1 1 2 1 1 1 1 1 1 1 1 2 1 2 1 1 1 1 2 1 1 1 1 2 1 1 1 1 1 1 1 1
 1 1 1 1 1 2 1 1 1 1 1 1 1 1 1 1 1]"
11,12,285,36,17,,84.31952662721893,10.650887573964498,5.029585798816568,late,69_1,"[1 1 1 1 1 1 1 1 1 1 1 1 1 1 3 0 1 1 1 1 1 1 1 0 1 1 1 1 1 1 1 3 1 3 1 1 1
 1 3 2 1 1 2 1 1 1 1 2 1 1 1 1 1 1 0 1 1 1 1 1 1 2 2 1 1 1 1 1 3 1 1 1 2 1
 1 1 1 1 1 1 1 1 0 1 1 1 1 1 1 1 2 1 1 1 1 1 1 1 2 1 2 1 1 1 1 1 1 1 1 1 2
 1 1 1 2 1 1 2 1 1 1 2 1 1 1 3 1 1 1 1 1 1 1 2 2 1 3 1 2 1 1 1 1 0 1 1 1 1
 1 1 3 1 2 2 3 1 2 1 2 1 1 1 1 2 1 1 2 1 1 1 2 3 1 1 1 1 1 1 1 1 2 1 2 1 1
 1 1 1 1 1 0 2 1 1 1 2 1 1 1 2 1 3 1 1 1 3 1 1 1 1 2 2 1 1 1 1 1 1 1 1 2 1
 1 1 1 1 1 1 1 1 1 1 2 1 1 1 1 1 1 1 3 1 1 3 1 1 1 1 1 1 1 2 1 1 1 1 1 1 1
 1 1 1 3 1 1 1 1 1 1 1 1 1 1 1 1 1 1 0 1 1 1 1 1 1 1 3 1 1 1 1 1 1 1 1 1 1
 1 3 1 1 1 1 1 1 1 1 2 1 1 1 1 1 1 1 1 1 2 1 1 1 0 1 1 1 1 1 1 1 1 1 1 1 0
 1 1 1 0 1 1 1 1 1 1 0 1 1 0 1 2 1]"
12,1,247,11,11,,91.82156133828995,4.089219330855019,4.089219330855019,pre,83_1,"[1 1 1 1 3 1 1 1 1 1 1 1 1 1 1 1 1 1 1 1 1 1 1 1 1 1 1 1 1 1 3 1 1 1 1 1 1
 1 1 2 1 1 1 1 1 1 1 1 1 1 3 1 3 1 1 1 2 1 3 1 2 1 1 1 1 1 1 1 1 1 1 1 1 1
 1 1 3 1 1 3 1 1 1 1 1 3 1 1 1 1 1 1 1 1 1 1 1 1 1 1 1 2 1 1 1 1 1 1 2 2 1
 1 1 2 2 1 1 1 1 1 1 1 1 1 1 1 1 1 1 1 1 1 1 1 1 1 1 1 1 1 1 1 1 1 1 1 1 2
 1 1 1 1 1 1 1 1 2 1 1 2 1 1 1 1 1 3 1 1 1 1 1 1 1 1 1 1 1 3 1 1 1 1 1 1 1
 1 1 1 1 1 1 1 1 1 1 1 1 1 1 1 1 1 1 1 1 1 1 1 1 1 1 1 1 1 1 1 1 1 1 1 1 1
 1 1 1 1 1 1 1 1 1 1 1 0 1 1 1 1 1 1 1 3 1 1 1 1 1 1 1 1 1 1 1 1 1 1 1 1 1
 1 1 1 1 1 1 1 1 1 1 1]"
13,14,244,9,3,,95.3125,3.515625,1.171875,early,83_1,"[1 1 1 1 1 1 1 1 1 1 1 2 1 1 1 1 1 1 1 1 1 1 1 1 1 1 1 1 2 1 3 1 1 1 1 2 1
 1 1 2 1 1 1 1 1 1 1 1 1 2 1 1 1 1 1 1 1 1 1 1 3 0 1 1 1 1 1 1 0 1 1 1 1 1
 1 1 1 1 1 1 1 1 1 1 1 1 1 1 1 1 1 1 1 1 1 1 1 1 1 0 2 1 1 1 1 1 1 1 1 0 2
 1 1 1 2 1 1 1 1 1 1 1 1 1 1 1 1 1 1 1 1 1 1 1 0 1 1 0 1 1 1 1 1 1 1 1 1 1
 1 1 1 1 1 1 1 1 1 1 0 1 1 0 1 1 1 1 2 1 1 1 1 1 1 1 1 1 3 1 1 1 1 1 1 1 1
 1 1 1 1 1 1 1 1 1 1 1 1 1 1 1 1 1 1 1 1 1 1 1 1 1 1 1 1 1 1 1 1 1 1 1 1 1
 1 1 1 1 1 1 0 1 1 0 1 1 1 1 1 1 1 0 1 1 1 1 1 1 1 1 1 1 1 1 1 1 1 1 1 1 1
 1 1 1 1 1 0 0 1 1 0 1]"
14,2,202,23,43,,75.3731343283582,8.582089552238806,16.044776119402986,late,83_1,"[1 1 1 1 1 1 1 1 1 2 1 1 2 3 1 3 1 2 1 1 1 1 1 1 1 1 1 1 1 1 1 3 1 1 2 2 3
 3 1 1 1 1 1 1 1 1 1 3 1 1 1 1 2 3 1 1 1 3 1 1 3 1 1 1 1 1 1 1 1 1 1 3 2 1
 1 1 1 1 1 3 1 1 1 3 1 2 1 3 1 1 1 1 3 1 1 1 1 3 1 1 1 1 1 1 1 1 3 1 1 3 1
 1 1 2 2 1 3 2 1 1 1 1 1 1 1 1 1 1 1 1 1 1 1 1 1 3 2 1 3 3 1 3 1 1 1 1 1 3
 1 2 1 1 1 1 1 3 1 1 1 1 1 1 1 1 1 2 1 1 3 2 1 3 1 1 1 3 3 3 1 1 2 1 3 1 0
 1 3 1 1 1 1 1 1 1 1 1 0 1 1 1 1 3 1 1 2 1 1 2 3 1 3 1 1 1 1 1 1 1 1 1 1 1
 3 2 3 3 1 1 1 1 1 1 1 3 3 1 2 1 1 1 1 1 2 1 1 3 1 2 3 1 1 1 1 1 1 1 1 1 1
 1 1 1 1 1 1 2 1 1 3 3]"
15,51,168,16,15,,84.42211055276381,8.040201005025125,7.537688442211055,pre,85_1,"[1 1 1 1 1 1 1 1 1 1 1 1 1 3 0 2 1 0 1 1 1 1 1 1 0 0 1 1 1 3 1 2 3 1 1 1 3
 0 1 2 1 2 1 1 2 0 1 2 0 0 1 3 2 1 1 1 3 0 1 1 1 1 1 1 1 1 0 1 1 1 1 1 0 1
 1 2 1 2 2 1 0 1 2 1 1 1 1 1 2 0 1 3 0 0 1 0 1 0 1 1 1 3 3 1 2 1 1 1 0 1 1
 0 1 1 1 1 1 1 1 1 1 1 3 1 1 1 1 1 1 0 0 1 0 0 0 1 0 1 1 1 1 1 3 1 1 1 2 0
 0 1 1 1 0 1 1 1 1 1 1 1 1 0 1 1 1 1 1 1 1 0 1 3 0 1 1 1 1 1 1 1 0 3 2 1 1
 1 1 2 0 1 1 1 1 1 0 0 1 1 1 1 1 1 1 1 1 1 1 1 1 1 3 1 1 1 1 3 1 1 1 1 1 1
 1 1 1 1 1 0 1 1 1 1 1 1 1 0 0 0 0 0 0 0 0 0 0 0 0 0 0 0]"
16,70,180,0,0,,100.0,0.0,0.0,early,85_1,"[1 1 0 1 1 1 1 1 1 1 1 1 1 0 0 0 1 0 0 1 1 1 1 1 1 1 1 0 1 0 1 1 1 1 0 0 1
 1 1 1 1 1 1 1 1 0 1 1 1 0 0 1 1 1 0 1 0 1 1 1 1 1 1 1 1 1 1 1 0 1 1 1 1 1
 1 1 1 1 1 1 1 1 0 1 1 1 1 1 0 1 1 1 1 0 1 1 1 1 1 1 1 0 1 1 0 1 0 1 1 1 1
 1 1 0 0 1 1 1 1 0 0 1 1 1 1 1 1 1 1 1 1 1 1 1 0 1 0 1 1 1 1 1 1 1 0 1 1 1
 1 0 0 1 0 1 0 1 0 0 1 1 1 1 1 1 0 0 1 1 1 0 1 1 1 1 0 1 0 0 0 1 0 1 1 1 1
 1 1 1 1 1 1 0 0 0 0 0 1 1 1 1 0 0 1 1 1 0 0 1 1 0 1 1 0 1 1 1 1 0 1 1 0 1
 1 1 0 0 1 0 0 0 0 0 1 0 1 1 1 1 0 1 0 1 1 0 0 0 1 1 1 0]"
17,16,174,25,35,,74.35897435897436,10.683760683760683,14.957264957264957,late,85_1,"[1 1 1 1 1 1 1 1 3 1 1 1 1 2 1 3 3 1 1 1 1 3 1 1 1 3 2 2 1 1 1 1 1 1 1 1 2
 0 1 1 3 1 1 1 1 1 1 1 1 1 3 2 1 1 1 1 1 1 1 1 1 1 1 2 1 2 1 1 2 3 1 3 1 1
 0 1 1 1 3 3 1 3 1 1 1 1 1 0 1 1 1 1 1 3 1 1 1 3 1 1 1 3 1 1 2 3 2 1 2 1 2
 3 1 2 1 1 1 1 3 2 0 1 2 3 3 1 1 1 1 1 1 1 1 1 0 1 3 3 1 1 1 1 1 1 0 1 1 1
 0 1 3 1 3 0 1 1 2 1 3 1 1 1 3 1 1 2 3 1 1 0 3 1 1 1 1 3 1 3 2 2 2 3 2 1 1
 1 1 1 1 1 1 1 1 1 1 0 1 1 1 3 1 1 1 1 1 1 1 1 2 0 1 1 1 1 1 1 1 1 2 1 3 1
 1 1 3 1 1 0 1 0 0 1 3 0 1 1 1 2 1 1 1 1 1 2 1 0 1 1 1 1]"
18,13,44,15,14,,60.273972602739725,20.54794520547945,19.17808219178082,pre,86_1,"[3 1 2 3 2 1 3 1 1 2 0 3 2 2 2 1 3 0 1 1 1 2 1 3 1 3 1 2 1 1 3 2 2 1 1 1 1
 0 1 1 1 2 2 1 1 1 3 1 1 1 3 1 0 0 1 0 3 1 2 2 3 1 0 1 2 1 3 1 1 1 1 0 0 1
 3 0 1 1 1 1 1 1 1 0 0 0]"
19,36,50,0,0,,100.0,0.0,0.0,early,86_1,"[1 1 1 1 1 1 0 1 0 0 1 1 0 1 0 1 1 1 1 0 1 1 0 0 0 1 1 1 1 0 1 0 0 0 1 0 0
 0 1 1 1 1 0 0 1 0 1 1 1 1 1 1 1 1 1 1 0 1 0 0 0 0 1 1 1 0 1 0 1 1 0 1 0 0
 1 1 0 0 0 1 1 0 0 0 1 0]"
20,7,51,5,23,,64.55696202531645,6.329113924050633,29.11392405063291,late,86_1,"[1 1 1 3 1 3 3 1 3 3 1 2 2 0 1 3 1 1 1 3 1 1 1 1 3 3 1 3 1 1 3 1 3 2 3 1 1
 1 3 1 2 1 3 2 1 1 3 1 1 1 1 1 1 1 1 3 3 1 1 1 1 1 1 1 3 1 1 1 1 1 3 1 3 1
 1 3 1 1 0 3 1 0 0 0 0 0]"
21,35,147,1,0,,99.32432432432432,0.6756756756756757,0.0,pre,89_1,"[1 1 1 1 1 1 1 1 1 1 1 1 1 1 1 1 1 1 1 1 1 1 1 1 1 1 1 1 1 1 1 1 1 1 1 1 1
 1 1 1 1 1 1 1 1 1 1 1 1 1 1 1 2 1 1 1 1 1 1 1 1 1 1 1 1 1 1 1 1 1 1 1 1 1
 1 1 1 1 1 1 1 1 1 1 1 1 1 1 1 1 1 1 1 1 1 1 1 1 1 1 1 1 0 1 1 1 1 1 1 1 1
 1 1 1 1 1 1 1 1 1 1 1 1 1 1 1 1 1 1 1 1 1 1 1 1 1 1 1 1 1 1 1 1 1 1 1 1 1
 1 0 0 0 0 0 0 0 0 0 0 0 0 0 0 0 0 0 0 0 0 0 0 0 0 0 0 0 0 0 0 0 0 0 0]"
22,25,157,1,0,,99.36708860759494,0.6329113924050633,0.0,early,89_1,"[1 1 1 1 1 1 1 1 1 1 0 1 1 1 1 1 1 1 1 1 1 1 1 1 1 1 1 1 1 1 1 1 1 1 1 1 0
 1 1 1 1 1 1 0 1 1 1 1 1 1 1 1 1 1 1 1 1 1 1 1 1 1 0 1 1 1 0 1 1 1 1 1 1 1
 1 1 1 1 1 1 1 1 1 1 1 1 1 1 1 1 1 0 1 1 1 1 1 1 1 1 1 1 1 1 2 1 1 1 1 1 1
 0 1 0 1 1 1 1 1 1 1 0 1 1 1 1 1 1 1 1 0 1 0 1 0 1 0 0 0 0 0 0 0 0 0 0 0 0
 0 1 1 1 1 1 1 1 1 1 1 1 1 1 1 1 1 1 1 1 1 1 1 1 1 1 1 1 1 1 1 1 1 1 1]"
23,52,121,9,1,,92.36641221374046,6.870229007633588,0.7633587786259541,late,89_1,"[0 1 1 1 1 1 1 1 1 1 1 1 1 2 1 1 1 1 2 1 1 1 1 1 1 1 1 2 1 1 1 1 1 1 1 1 1
 1 1 1 1 1 1 1 2 1 1 1 1 1 1 1 2 1 3 1 1 1 1 1 1 1 1 1 1 1 1 1 2 1 1 2 1 1
 1 1 1 0 1 1 0 1 1 1 1 1 1 1 1 1 1 1 1 1 1 2 1 0 1 1 1 1 1 1 1 1 1 1 1 0 1
 1 0 1 1 1 0 1 1 1 1 1 1 1 1 1 1 1 1 1 2 1 0 1 0 1 0 0 0 1 0 0 0 0 0 0 0 0
 0 0 0 0 0 0 0 0 0 0 0 0 0 0 0 0 0 0 0 0 0 1 0 0 0 0 0 0 0 1 0 1 0 0 0]"
24,3,128,8,7,,89.5104895104895,5.594405594405594,4.895104895104895,pre,90_1,"[1 1 1 2 1 1 1 3 1 0 1 1 1 1 1 1 1 1 1 3 1 1 1 1 1 1 1 1 1 1 1 1 1 3 1 1 1
 1 1 1 1 1 1 1 1 1 1 2 1 1 1 1 1 1 1 1 1 1 1 1 1 1 1 1 1 1 1 1 2 1 2 1 1 1
 1 3 1 1 0 3 3 1 1 1 1 1 1 2 1 1 1 1 1 1 3 1 1 1 2 1 1 1 1 1 2 1 1 1 1 1 2
 1 1 1 1 1 1 1 1 1 1 1 1 1 1 1 1 1 1 1 1 1 1 1 1 1 1 1 1 0 1 1 1 1 1 1]"
25,41,105,0,0,,100.0,0.0,0.0,early,90_1,"[1 1 1 1 1 0 1 1 1 0 0 1 1 0 1 0 1 1 0 0 1 1 1 1 1 1 1 1 1 0 0 1 1 1 1 1 1
 0 1 1 1 1 1 1 1 1 0 1 1 1 1 1 1 1 0 1 0 1 1 1 1 0 1 0 1 1 0 0 1 1 1 1 1 1
 1 1 1 0 0 0 0 1 1 1 0 1 1 1 1 1 1 1 1 1 1 0 1 0 1 0 1 1 0 1 1 1 0 1 0 1 0
 0 1 0 1 1 0 1 1 1 1 1 1 0 0 1 1 1 0 1 0 0 1 0 1 1 1 0 0 1 1 1 1 0 1 1]"
26,3,118,2,23,,82.51748251748252,1.3986013986013985,16.083916083916083,late,90_1,"[1 1 1 1 1 1 0 1 1 1 1 1 1 1 1 2 2 1 1 3 1 1 3 1 1 3 1 1 1 1 3 1 1 3 1 1 1
 1 1 1 1 1 1 3 3 1 1 3 1 1 1 1 1 1 1 1 1 1 1 1 1 1 1 1 1 1 1 1 1 1 1 1 1 1
 3 3 1 1 1 1 1 1 1 1 1 3 1 1 1 1 1 1 1 1 3 1 3 1 1 1 1 1 1 1 3 1 3 1 1 1 1
 3 1 3 1 1 1 3 1 1 3 1 1 3 0 1 1 1 1 1 1 1 1 1 1 1 1 0 1 3 1 3 1 3 1 1]"
27,4,254,38,38,,76.96969696969697,11.515151515151516,11.515151515151516,pre,91_1,"[1 1 1 1 1 1 3 1 1 1 2 1 1 1 1 1 1 1 1 1 1 1 1 1 1 1 1 1 1 1 1 1 2 3 2 1 1
 1 2 1 1 2 2 1 1 1 1 1 1 1 1 2 1 1 1 2 1 3 2 2 1 2 1 3 1 1 1 2 1 1 1 1 1 1
 1 2 1 3 1 3 3 1 3 3 3 3 3 1 1 1 1 2 3 1 1 1 1 1 1 1 3 1 1 2 1 1 1 1 1 1 1
 2 2 1 1 2 3 1 1 1 1 3 1 1 1 1 1 2 1 1 1 1 1 2 1 1 1 1 2 1 1 1 1 1 2 3 1 1
 1 1 1 2 2 3 2 3 1 3 1 1 1 1 1 1 2 2 1 1 3 1 1 1 1 3 1 3 1 1 1 3 1 1 1 1 3
 3 1 3 1 1 3 1 1 1 1 1 1 1 1 1 1 3 1 1 1 1 1 1 1 3 1 2 3 1 3 2 2 2 1 1 2 1
 1 1 1 2 1 3 2 1 1 1 1 1 1 1 1 1 1 1 1 1 1 1 1 1 1 1 2 1 1 1 1 1 1 1 1 1 1
 1 3 1 1 1 1 1 1 1 2 1 1 1 1 1 1 1 1 1 1 3 3 3 3 1 1 1 2 1 1 1 1 1 1 1 2 1
 1 1 0 1 1 1 1 1 1 1 1 1 0 1 1 1 1 0 1 1 0 1 1 1 1 1 1 1 1 1 1 1 1 1 1 1 1
 1]"
28,36,261,4,33,,87.58389261744966,1.342281879194631,11.073825503355705,early,91_1,"[1 1 1 1 1 1 1 1 1 1 1 1 1 1 1 1 1 1 1 1 1 1 1 1 0 1 1 1 1 1 1 1 3 1 1 1 1
 1 1 1 1 1 1 3 0 1 1 1 1 1 1 1 1 1 1 1 1 1 1 3 0 1 0 1 1 1 1 3 1 1 1 0 1 1
 1 1 1 1 1 1 1 1 3 3 1 1 1 1 1 1 1 1 3 3 1 1 3 1 1 0 3 1 3 1 1 1 1 1 1 1 1
 1 1 1 1 1 1 1 1 1 1 3 1 1 1 1 1 1 1 1 1 1 1 1 1 1 1 1 1 1 0 0 1 1 2 3 1 3
 1 1 1 3 3 3 1 3 1 1 2 1 1 1 1 1 0 3 1 1 1 1 3 3 1 1 1 0 1 1 1 1 1 1 1 1 1
 1 0 1 1 1 1 1 1 1 1 1 2 1 1 1 1 1 3 1 1 1 1 1 3 3 1 1 3 1 1 1 0 1 1 1 1 1
 0 1 1 1 1 3 1 1 1 0 1 3 1 0 1 1 3 1 1 3 1 1 0 1 1 1 1 1 1 1 1 1 1 1 1 3 0
 1 3 1 1 1 1 1 0 1 1 1 0 1 1 1 3 3 1 1 1 1 1 1 1 1 1 1 1 0 1 1 1 1 1 0 2 1
 1 1 1 1 1 0 1 1 1 1 1 1 1 1 0 1 0 0 0 1 0 1 1 1 1 0 1 0 0 0 0 0 0 1 1 0 0
 1]"
29,9,242,29,54,,74.46153846153845,8.923076923076923,16.615384615384617,late,91_1,"[1 1 1 1 1 1 2 1 1 1 2 1 1 1 1 1 1 3 1 1 1 1 1 2 1 3 1 1 1 3 1 1 1 3 2 3 1
 1 2 1 1 1 1 3 1 1 1 1 1 3 3 2 1 3 1 1 1 3 1 1 1 1 1 1 1 1 1 2 3 1 1 1 1 1
 1 3 1 2 2 3 1 3 3 2 1 3 1 1 1 1 1 1 3 3 2 1 1 0 1 1 1 1 1 3 3 1 1 1 0 2 1
 3 1 1 3 1 1 2 1 1 1 3 2 1 1 1 1 2 1 1 1 1 2 1 1 3 1 1 3 3 1 1 1 1 3 1 3 1
 2 1 3 3 3 3 1 1 1 2 3 1 1 1 1 1 1 1 1 1 1 3 1 2 1 3 1 1 1 1 1 3 1 3 3 1 3
 3 1 3 1 1 3 1 1 1 1 1 2 1 1 1 1 1 1 1 1 1 1 1 1 3 3 1 1 2 1 1 3 2 3 1 3 2
 1 1 1 1 2 3 1 1 1 1 1 1 1 1 1 1 3 1 3 1 1 1 1 3 1 1 1 1 3 1 1 0 1 1 1 3 1
 1 2 1 1 1 1 1 1 1 2 1 2 2 1 1 1 1 1 1 1 1 1 1 1 1 1 1 1 1 1 1 1 1 1 1 1 1
 1 1 1 1 1 1 3 0 1 1 1 1 1 1 1 1 1 1 0 1 1 1 1 1 1 1 1 1 0 1 0 0 2 1 1 1 0
 1]"
30,8,311,39,39,,79.94858611825192,10.025706940874036,10.025706940874036,pre,93_1,"[3 1 1 1 1 1 3 1 1 1 1 1 1 1 1 1 1 1 1 1 1 1 1 1 1 1 1 2 1 1 1 1 1 2 1 1 2
 1 1 1 1 2 1 1 1 1 1 1 1 1 1 1 1 1 1 2 1 3 2 1 3 0 3 3 1 1 1 1 1 1 1 1 2 1
 1 1 1 1 2 1 1 1 1 1 1 0 1 2 3 1 1 1 1 1 1 1 1 1 1 1 1 1 1 1 3 3 1 1 1 3 2
 0 2 1 1 3 1 2 2 1 1 1 1 1 1 2 1 1 1 3 3 3 2 1 3 1 1 1 1 3 1 1 1 2 1 1 1 2
 1 1 1 1 1 1 1 2 3 1 1 2 1 1 1 1 1 2 1 1 1 2 1 1 1 1 1 1 1 1 3 1 1 1 1 1 1
 1 1 1 1 1 1 1 1 1 1 1 1 1 1 1 1 1 1 1 3 1 3 2 3 1 2 1 1 1 0 1 1 1 1 1 1 1
 1 1 1 1 1 1 1 1 1 1 1 1 1 1 1 1 0 1 3 1 3 1 2 1 3 1 1 2 1 1 1 1 3 1 1 1 1
 1 1 2 1 1 1 1 2 2 1 1 1 1 3 3 2 1 3 2 3 3 1 1 1 3 1 1 1 2 3 1 1 1 1 1 3 1
 1 1 1 1 3 1 2 3 2 1 3 1 1 3 1 1 1 1 1 1 2 1 1 1 2 1 2 1 2 1 1 1 1 1 1 1 1
 1 1 1 1 1 1 1 1 1 1 1 1 1 1 1 1 2 1 1 1 1 1 1 3 1 1 1 1 1 1 1 1 1 1 1 3 1
 1 2 1 1 1 1 1 1 1 1 1 1 1 1 1 1 1 1 1 1 1 1 1 1 0 0 0]"
31,24,271,51,51,,72.65415549597856,13.672922252010725,13.672922252010725,early,93_1,"[3 1 2 1 1 1 1 0 2 2 1 0 1 0 2 1 2 1 1 1 2 1 1 1 1 1 1 1 1 1 1 3 1 1 1 1 1
 1 0 3 1 1 2 1 2 1 1 1 1 1 0 1 1 1 1 1 1 1 1 1 1 0 3 1 2 1 1 1 1 1 1 1 1 1
 1 1 1 3 3 1 1 1 2 1 1 3 3 1 1 1 1 1 0 1 1 1 1 2 1 1 1 3 1 1 1 1 1 1 1 1 3
 2 1 1 1 3 1 3 1 1 1 0 1 1 3 1 1 1 3 3 3 1 2 2 2 1 2 3 1 3 1 1 1 2 1 1 2 1
 1 1 1 1 3 1 2 2 1 1 2 1 1 1 1 2 1 1 1 0 3 1 1 1 2 1 1 1 1 2 3 1 3 1 1 0 1
 2 1 2 1 2 2 1 1 3 1 2 3 1 1 1 1 1 1 1 3 1 1 1 1 1 1 3 1 1 1 1 2 2 1 1 1 2
 1 1 1 1 1 1 1 2 1 1 2 1 1 1 1 3 0 1 3 1 1 3 1 0 1 1 1 1 1 1 1 1 1 1 2 1 1
 2 3 1 1 3 1 1 1 3 2 1 1 1 3 1 1 1 2 1 3 3 1 1 2 3 3 1 1 1 1 1 3 2 1 1 1 1
 1 1 1 1 1 2 1 1 1 1 0 1 2 2 1 1 2 1 1 3 2 1 2 1 1 1 1 1 3 1 1 2 3 1 1 1 1
 1 3 1 0 1 1 0 1 1 1 1 1 1 1 1 1 1 1 1 1 2 1 1 3 1 1 1 1 1 3 1 1 1 1 1 3 3
 3 3 0 3 0 2 1 1 0 1 0 0 0 3 1 1 1 0 3 1 1 2 2 1 0 0 1]"
32,19,260,49,69,,68.78306878306879,12.962962962962962,18.253968253968253,late,93_1,"[3 1 1 1 3 3 2 1 1 2 3 1 1 1 1 1 1 3 1 1 1 1 1 1 1 1 1 1 1 1 1 1 1 1 3 1 3
 2 0 0 1 1 1 1 1 1 1 1 1 3 0 1 1 1 1 2 1 1 3 3 3 0 2 1 1 1 1 1 1 2 3 1 3 1
 1 0 3 1 3 1 1 1 2 1 1 3 3 3 1 1 1 2 1 1 1 2 1 1 1 1 1 3 3 1 1 1 1 1 2 1 1
 2 1 1 1 1 2 1 2 1 1 1 1 2 3 1 3 1 2 3 1 3 1 1 3 3 1 3 0 1 1 1 2 1 1 1 1 1
 1 1 1 2 1 1 1 2 1 1 3 2 1 3 1 1 1 3 3 1 1 3 3 1 3 3 1 2 1 1 3 1 2 1 0 0 3
 2 1 2 3 2 1 1 1 1 1 1 3 1 2 1 1 1 1 0 1 1 1 1 3 1 1 1 1 1 0 1 1 1 1 1 1 0
 1 1 1 1 1 1 1 1 3 1 2 1 1 1 1 0 0 1 3 1 2 1 1 1 3 1 1 2 1 2 1 1 3 1 1 1 3
 3 3 2 2 3 3 1 1 3 2 1 2 2 3 3 2 2 3 1 1 3 1 1 1 2 2 1 1 1 1 1 1 3 1 1 1 2
 1 1 1 2 1 3 1 2 3 2 2 1 2 1 2 1 1 2 1 1 1 1 3 1 3 1 2 1 1 1 1 1 1 1 3 1 3
 1 3 1 1 1 1 0 1 3 1 1 1 1 1 1 1 1 1 1 3 1 1 3 1 3 1 1 3 1 3 1 1 1 2 1 1 1
 1 3 1 1 1 1 1 1 1 1 1 0 1 1 1 1 1 1 0 1 1 0 1 2 1 0 0]"
33,16,184,75,75,,55.08982035928144,22.45508982035928,22.45508982035928,pre,95_1,"[1 1 2 1 2 1 2 1 2 3 1 1 1 1 1 2 2 3 1 1 3 1 1 1 1 1 1 3 2 3 3 1 2 1 2 1 1
 1 1 1 3 1 2 1 2 1 2 1 1 1 1 2 1 3 3 2 1 1 3 1 3 1 1 1 1 2 1 1 1 2 3 1 3 1
 3 3 1 1 1 2 1 1 1 1 1 1 1 1 1 1 1 3 1 3 2 1 2 1 2 1 2 3 1 1 1 3 1 1 1 2 1
 1 3 1 1 3 2 1 1 3 1 3 3 1 1 1 3 1 1 1 0 1 3 3 1 2 3 2 2 1 2 1 2 3 3 1 1 2
 3 3 3 2 1 1 3 3 3 2 2 1 2 1 1 1 1 2 1 1 3 1 2 1 3 1 1 3 1 2 2 2 3 1 2 2 1
 1 1 1 3 1 1 3 1 3 1 2 2 2 1 2 3 2 1 1 3 3 3 3 1 1 1 2 1 1 2 1 1 1 2 1 3 1
 1 2 3 1 3 1 1 1 3 3 1 1 1 1 3 1 1 2 3 1 3 2 3 1 1 1 2 1 2 1 1 1 1 1 1 3 3
 1 2 0 1 2 0 1 1 1 1 1 1 1 1 3 1 3 1 1 3 1 1 2 3 3 1 2 1 1 3 3 3 1 2 1 2 1
 2 1 3 2 2 1 2 1 1 2 2 1 1 3 2 3 2 3 1 2 2 1 1 0 2 1 1 2 2 2 1 1 2 3 1 2 3
 3 3 1 0 0 0 0 0 0 0 0 0 0 0 1 1 0]"
34,43,191,32,84,,62.21498371335505,10.423452768729643,27.36156351791531,early,95_1,"[2 1 1 0 1 0 1 1 3 3 1 2 3 1 1 3 1 1 2 1 0 0 1 1 1 1 1 3 1 3 0 1 1 3 3 1 1
 3 1 1 3 3 0 1 1 1 1 0 1 1 1 1 1 3 0 2 1 1 1 0 1 1 2 1 1 2 1 1 3 1 1 1 3 1
 3 2 1 2 1 3 2 1 3 1 3 1 1 1 1 1 1 1 1 3 3 1 1 3 3 2 3 3 1 1 1 1 1 1 1 1 1
 1 3 3 1 3 1 1 2 0 3 1 3 1 1 1 1 1 2 1 3 3 0 3 1 3 3 2 3 1 1 3 3 1 3 1 1 2
 3 1 1 3 2 1 3 1 3 2 1 3 2 1 1 1 1 3 1 3 1 1 3 1 3 2 1 1 1 3 1 1 3 1 0 3 1
 0 3 1 1 1 1 3 2 3 3 1 1 0 2 3 3 2 1 1 1 3 3 2 0 1 1 3 2 2 1 1 1 2 3 1 0 1
 1 1 1 1 1 0 1 1 1 1 1 1 1 1 1 1 1 1 3 1 3 3 3 3 1 2 1 1 0 0 2 3 1 1 1 1 0
 1 0 3 1 3 0 3 2 3 1 1 1 1 1 1 1 1 1 0 1 1 2 1 1 3 3 1 2 1 0 3 3 0 1 1 1 1
 3 1 1 1 0 2 0 1 0 1 1 1 0 1 1 3 1 3 1 0 3 3 1 1 3 1 1 0 1 1 0 1 0 0 0 1 3
 1 0 2 3 3 1 1 0 0 1 0 3 0 0 1 0 0]"
35,14,147,45,144,,43.75,13.392857142857142,42.857142857142854,late,95_1,"[3 1 1 1 2 1 2 1 3 3 3 1 3 3 1 3 3 2 1 1 3 1 1 1 1 1 1 3 2 3 1 1 3 1 3 3 1
 1 2 2 3 3 1 3 2 3 1 1 1 1 3 1 2 2 1 3 3 3 2 3 2 2 1 1 2 1 2 0 1 1 3 3 3 2
 3 3 1 2 1 1 3 1 3 1 2 2 1 3 1 1 3 3 1 3 3 0 1 3 3 1 3 3 2 3 1 1 1 2 1 1 0
 1 3 3 1 3 1 1 3 0 3 1 3 1 3 1 2 3 1 1 3 0 0 3 1 3 3 2 2 3 1 3 3 2 3 3 1 2
 3 3 3 3 1 3 1 2 3 2 1 3 3 3 1 3 1 2 3 1 2 1 3 1 1 3 3 3 1 3 2 3 3 1 3 3 1
 1 2 1 3 1 1 3 1 3 3 2 1 1 2 3 3 1 1 1 3 3 3 3 1 1 3 3 3 1 2 1 1 3 3 1 3 1
 1 3 1 1 2 0 1 2 3 3 1 1 3 2 1 3 3 1 2 1 3 3 3 3 1 1 1 1 3 0 3 3 3 3 1 1 3
 1 1 3 3 3 3 3 3 1 1 1 3 1 3 3 1 1 2 1 3 1 1 1 1 2 2 3 2 1 3 3 2 1 3 1 1 1
 3 3 3 1 3 1 1 1 0 1 1 1 1 1 2 3 1 3 1 3 3 1 3 3 1 1 2 3 1 3 0 1 3 0 1 1 1
 1 3 3 3 3 0 1 1 3 1 3 3 0 3 1 0 1]"
36,21,145,75,75,,49.152542372881356,25.423728813559322,25.423728813559322,pre,108_1,"[1 3 1 2 2 2 1 1 1 2 1 1 1 2 1 2 2 1 1 3 2 3 0 2 1 1 2 1 1 1 1 2 2 3 1 1 3
 1 2 2 1 2 1 3 2 1 2 3 2 2 2 1 3 3 1 1 2 1 2 3 0 1 2 1 2 1 3 1 2 3 3 2 2 2
 3 1 3 1 1 0 1 1 3 1 1 2 2 3 1 2 1 3 2 2 3 2 1 1 2 1 3 1 2 1 1 3 3 1 1 3 3
 1 2 1 1 1 1 2 2 1 3 1 3 3 3 3 1 0 3 2 2 1 1 2 2 1 1 1 1 1 1 1 1 1 2 2 2 3
 2 1 2 1 1 1 1 2 2 1 0 3 1 1 3 2 1 1 1 1 1 2 3 1 1 1 1 3 3 1 2 1 1 2 3 2 2
 2 1 3 3 1 2 1 3 1 2 3 2 1 3 1 2 1 3 1 3 3 3 1 1 1 1 1 3 1 1 1 1 2 2 3 3 1
 2 1 3 2 1 1 2 2 3 1 1 1 1 2 3 3 3 2 3 3 3 2 0 0 1 1 1 3 1 2 2 1 1 3 3 1 0
 3 1 3 3 1 1 2 3 3 2 3 3 3 0 1 1 1 3 3 1 1 1 3 1 1 1 3 1 1 1 1 3 2 3 1 1 3
 0 1 0 0 1 0 1 1 1 1 1 1 0 0 0 0 0 0 0 0]"
37,59,158,19,80,,61.478599221789885,7.392996108949417,31.1284046692607,early,108_1,"[1 3 3 3 3 1 1 1 1 3 1 3 3 2 1 1 0 1 1 1 3 1 0 3 1 1 1 1 3 2 1 3 1 3 1 1 1
 1 1 1 3 3 3 1 1 3 1 0 3 3 1 2 3 0 1 0 1 1 1 1 1 1 1 0 1 1 1 1 3 1 3 1 3 1
 3 1 1 0 0 1 1 3 2 1 1 1 1 0 1 3 1 0 1 1 1 1 1 1 1 0 1 1 0 1 1 1 1 3 1 3 3
 0 1 2 1 0 1 1 1 3 0 1 1 0 1 1 1 1 0 2 0 3 1 0 1 2 1 1 0 1 1 3 1 1 3 2 0 1
 1 3 1 1 3 1 1 1 1 1 1 1 1 1 0 1 3 1 1 1 2 1 1 3 1 1 1 1 0 3 1 1 3 3 1 1 2
 1 1 3 3 1 1 1 3 1 1 1 1 0 3 1 1 3 3 0 1 1 1 1 3 1 2 1 2 3 3 1 1 0 1 1 3 1
 3 3 3 2 0 3 1 3 0 0 1 3 1 0 3 3 3 1 0 0 0 3 0 0 1 1 1 0 0 1 3 3 0 0 3 3 1
 0 3 0 3 3 1 1 2 1 3 3 0 1 1 1 1 3 0 0 0 0 1 3 2 3 2 3 3 3 1 0 0 1 1 0 2 3
 2 1 3 0 3 3 3 1 0 0 0 1 0 0 3 0 0 2 0 0]"
38,7,127,71,111,,41.10032362459547,22.97734627831715,35.92233009708738,late,108_1,"[1 3 2 3 1 1 1 1 1 1 2 3 1 1 1 3 1 1 1 3 3 1 3 1 1 1 1 2 1 2 3 1 2 3 1 1 2
 3 1 1 3 3 3 2 1 1 2 2 1 2 3 1 3 1 3 1 2 3 1 3 3 3 1 0 2 1 3 1 1 1 3 3 2 2
 3 1 3 2 2 3 2 1 2 2 1 3 1 3 1 2 1 3 3 3 2 3 3 1 3 1 1 2 2 1 1 3 3 2 3 1 3
 3 3 2 1 1 1 1 2 3 2 3 3 3 2 1 3 3 2 2 2 1 2 1 1 3 3 1 1 1 1 3 1 3 1 3 1 1
 1 0 3 1 2 2 1 1 3 3 3 3 2 2 1 2 3 1 1 2 2 1 3 2 3 2 1 3 2 1 3 2 3 1 3 3 1
 3 1 3 1 1 3 1 3 1 1 3 3 1 3 2 2 2 2 2 1 2 3 3 1 1 1 1 3 2 3 1 2 1 1 1 3 3
 3 3 2 1 1 1 2 1 1 2 2 1 3 2 3 3 2 3 0 3 1 3 2 2 2 2 2 2 1 3 3 1 0 3 3 1 1
 3 0 2 3 1 0 1 3 3 3 2 3 1 1 3 1 1 1 3 1 2 3 3 1 3 2 1 3 1 3 2 3 1 1 1 3 3
 3 3 1 1 1 3 3 2 1 2 2 3 3 1 0 1 1 1 1 1]"
39,2,150,33,33,,69.44444444444444,15.277777777777779,15.277777777777779,pre,110_1,"[1 1 1 1 1 1 3 1 1 1 2 2 3 3 1 2 2 1 1 1 1 1 3 1 3 1 1 1 1 2 1 2 1 1 3 2 1
 3 1 3 1 1 2 1 2 3 1 3 2 2 1 1 1 1 1 3 1 1 2 2 1 1 1 1 2 1 1 1 3 1 1 1 1 3
 1 1 1 3 1 1 1 3 1 2 1 2 2 1 1 1 2 2 1 3 0 1 1 1 1 1 1 2 1 3 1 1 1 1 3 1 1
 1 2 2 1 1 1 1 1 1 3 2 1 3 1 3 3 2 1 1 3 1 3 1 3 1 1 1 2 1 3 1 1 1 1 2 1 3
 3 1 1 2 2 1 1 1 3 1 1 1 1 2 1 1 2 3 2 3 1 1 1 1 3 1 1 1 1 2 1 1 1 1 1 1 1
 1 2 1 1 1 3 1 1 1 1 1 1 1 1 1 1 1 1 1 1 1 1 1 1 1 1 1 1 1 1 1 1 0]"
40,20,179,15,4,,90.40404040404042,7.575757575757576,2.0202020202020203,early,110_1,"[1 2 1 1 1 1 3 0 1 1 1 3 1 0 1 1 1 1 1 1 1 1 2 1 1 1 1 1 1 1 1 1 1 1 2 1 1
 1 1 1 1 1 1 1 1 1 1 1 1 1 2 1 1 1 1 1 1 0 1 2 1 1 1 1 1 1 2 1 1 1 1 3 1 1
 1 1 1 1 1 1 2 1 1 2 1 1 1 1 1 2 1 1 2 1 1 1 1 1 1 1 1 1 1 1 1 1 1 3 1 1 1
 1 1 2 2 1 1 1 1 1 1 1 1 1 1 0 0 1 1 1 1 1 2 1 1 0 1 1 1 1 1 1 0 2 1 1 1 1
 1 2 1 1 1 1 1 1 0 1 1 1 1 1 1 0 1 1 1 1 1 1 1 1 1 1 1 1 1 0 1 1 1 1 1 0 1
 1 1 1 1 1 1 1 0 1 0 1 1 1 1 1 1 0 1 0 1 0 0 1 1 0 1 1 1 1 0 1 1 0]"
41,5,156,29,28,,73.23943661971832,13.615023474178404,13.145539906103288,late,110_1,"[1 1 3 1 1 1 1 1 1 1 2 3 2 1 1 3 3 1 1 1 1 1 3 1 1 1 2 3 1 3 1 1 1 1 3 1 1
 2 1 3 2 1 1 1 1 3 2 3 1 1 3 1 1 1 1 1 1 1 1 2 1 1 1 1 1 3 1 1 3 1 3 1 1 2
 3 2 1 1 2 2 1 2 1 2 1 1 3 2 1 1 2 1 2 1 3 1 3 1 2 1 1 1 1 1 1 3 3 2 1 1 1
 1 1 2 1 1 1 1 1 1 1 2 1 3 1 1 1 1 2 1 1 1 1 1 3 1 1 1 1 1 1 2 1 1 1 1 1 2
 3 1 1 1 1 1 2 1 1 2 1 1 1 1 1 1 2 3 1 1 1 3 1 1 1 1 1 3 1 0 1 1 1 3 1 0 1
 2 1 1 1 1 1 1 1 1 1 1 2 1 1 1 1 0 1 0 1 1 1 1 2 1 1 1 1 1 0 1 1 1]"
42,19,86,48,48,,47.25274725274725,26.373626373626376,26.373626373626376,pre,111_1,"[2 2 3 3 2 1 1 3 1 2 3 3 2 1 1 3 3 2 1 0 1 3 1 1 0 2 1 3 3 3 1 3 0 1 1 1 1
 2 1 3 1 1 2 2 3 1 3 2 3 3 1 2 1 2 1 2 2 1 2 1 3 1 1 2 3 2 1 3 1 3 3 3 1 3
 2 2 3 3 1 2 3 2 2 1 3 1 1 2 1 2 1 2 3 1 1 1 1 3 1 2 1 2 1 3 1 2 3 1 2 2 2
 3 1 1 3 3 1 1 3 2 1 1 1 3 2 2 1 1 3 3 1 1 3 3 1 2 2 3 1 2 1 3 1 1 2 1 1 1
 1 2 1 3 3 1 1 1 2 1 3 2 1 1 2 2 2 1 1 1 1 2 3 2 2 3 1 1 1 0 0 0 1 0 1 1 1
 0 0 0 1 0 0 0 1 1 0 0 0 0 0 0 1]"
43,21,122,7,51,,67.77777777777779,3.888888888888889,28.333333333333332,early,111_1,"[0 3 0 2 3 1 1 3 1 1 3 3 3 1 1 3 1 1 1 3 1 3 1 1 3 3 0 3 3 1 0 1 1 1 1 1 0
 3 1 1 1 1 1 3 3 1 1 1 3 1 1 3 0 3 1 0 1 2 3 1 1 1 3 1 3 3 1 3 2 1 3 1 2 1
 1 1 1 1 1 1 3 1 3 1 1 1 3 3 1 1 1 1 1 0 1 1 1 3 0 3 1 1 1 3 1 1 3 3 3 1 1
 1 1 1 3 1 1 1 1 1 1 1 1 3 0 0 1 3 1 2 1 3 1 1 1 2 1 1 1 1 1 1 1 1 1 1 1 1
 0 3 1 1 3 1 1 1 0 1 3 0 1 1 3 1 1 1 1 1 1 3 3 1 1 1 0 1 1 1 0 3 1 1 1 1 1
 3 0 3 1 2 1 0 1 0 3 1 0 3 3 1 0]"
44,7,92,13,89,,47.42268041237113,6.701030927835052,45.876288659793815,late,111_1,"[1 3 1 3 1 3 2 1 1 3 3 3 3 1 1 3 1 1 3 3 1 3 3 1 3 3 1 3 1 2 1 1 3 2 1 1 2
 1 1 3 3 1 3 3 3 1 3 1 3 3 3 3 1 1 1 2 3 1 3 1 3 3 1 3 3 1 1 3 3 1 3 1 3 1
 3 3 1 1 1 3 3 1 3 1 3 1 1 3 1 1 3 3 1 1 1 1 1 3 3 3 1 1 3 3 3 3 3 3 3 3 1
 3 2 3 3 3 1 1 1 3 2 1 3 3 1 3 1 3 3 1 1 1 3 3 1 3 3 1 3 1 1 1 1 1 1 1 3 1
 1 1 1 2 3 0 1 2 0 2 3 3 1 1 3 0 3 1 3 1 1 3 3 3 3 1 2 1 3 1 0 3 1 1 1 1 1
 2 2 3 1 3 1 0 1 1 3 3 0 3 1 1 0]"
45,15,153,91,91,,45.67164179104478,27.164179104477608,27.164179104477608,pre,113_1,"[2 1 1 0 1 3 2 2 1 1 1 1 1 1 2 3 2 2 2 1 1 1 2 2 2 1 2 3 1 1 3 3 2 1 1 1 1
 3 0 3 1 1 3 2 3 2 1 1 3 1 1 2 1 2 3 1 1 1 1 1 1 1 3 3 1 1 1 2 2 1 3 2 2 3
 2 1 3 2 2 1 3 1 3 3 3 2 3 3 3 1 2 2 2 1 3 2 2 2 2 2 2 2 3 1 2 3 1 3 1 2 2
 1 1 1 1 3 1 2 1 1 1 2 1 2 3 2 1 1 1 2 1 1 2 1 1 0 1 1 3 1 3 3 2 1 3 1 1 3
 2 2 1 3 1 1 1 1 1 1 3 3 3 3 1 2 1 1 2 1 1 1 1 3 1 2 3 1 2 2 3 3 3 1 3 3 3
 2 3 1 3 1 1 3 1 1 3 2 3 1 1 1 3 1 3 1 3 2 2 3 2 3 1 2 1 2 2 2 1 1 1 2 1 1
 2 2 1 3 1 1 1 3 3 3 2 2 2 2 3 3 1 1 3 3 2 3 0 3 2 2 3 2 1 2 1 1 1 2 1 1 3
 2 3 3 3 1 3 1 1 3 2 1 3 1 1 2 1 3 1 1 2 2 3 3 1 1 1 1 1 3 1 1 3 2 3 2 2 3
 3 3 1 1 1 1 3 2 1 3 1 0 3 2 1 2 2 1 3 1 3 1 1 2 1 1 3 2 1 2 2 2 2 1 3 1 1
 1 1 0 0 0 0 1 0 0 1 0 0 1 0 1 1 0]"
46,89,229,18,14,,87.73946360153256,6.896551724137931,5.363984674329502,early,113_1,"[2 0 1 1 0 1 3 1 1 1 1 1 1 1 1 1 1 1 1 0 1 1 1 1 0 1 1 1 1 1 2 0 0 1 1 1 1
 1 1 2 1 1 1 1 2 1 1 1 1 1 1 1 0 1 1 0 1 0 0 0 0 0 1 1 1 1 1 1 1 1 1 1 1 1
 1 0 1 1 1 0 1 1 1 1 3 1 3 1 1 1 1 0 1 1 0 1 1 2 0 1 1 1 3 0 1 1 1 0 1 1 1
 1 2 1 0 1 1 1 0 1 1 1 3 1 1 3 1 1 1 2 0 1 1 1 1 1 1 0 1 1 0 1 0 1 1 1 1 1
 0 3 1 1 0 1 0 1 0 1 1 2 1 0 1 1 1 1 1 1 1 1 0 1 1 1 1 0 1 1 2 1 1 1 1 1 1
 3 1 0 2 0 0 0 0 1 1 1 3 1 1 1 1 0 1 1 1 1 1 0 1 1 0 2 0 0 1 1 1 1 0 0 1 1
 1 0 0 1 0 2 1 1 1 1 3 3 1 1 1 0 1 1 1 0 1 0 0 1 1 0 1 1 1 0 1 0 1 1 0 0 1
 0 1 3 2 1 0 0 1 3 1 1 1 1 0 1 1 1 0 1 1 1 1 1 1 1 1 0 1 2 0 1 1 1 1 0 1 0
 1 1 0 1 0 1 2 0 1 2 1 0 0 1 1 0 1 0 1 1 2 2 1 1 0 0 1 1 1 3 1 1 0 1 1 0 1
 0 1 0 1 1 0 0 0 0 1 0 1 0 0 0 0 0]"
47,34,183,100,33,,57.91139240506329,31.645569620253166,10.443037974683545,late,113_1,"[2 1 2 1 1 1 3 1 1 1 1 2 2 1 1 1 2 2 1 1 1 2 2 1 1 1 1 2 1 2 2 1 2 2 1 1 1
 3 1 2 3 2 2 1 3 1 1 1 2 1 1 1 1 1 2 0 1 0 0 0 0 0 2 2 1 1 1 1 2 1 1 1 2 1
 1 1 2 1 1 1 2 2 3 2 3 1 3 2 1 1 1 1 2 1 3 1 2 1 1 2 1 1 3 0 2 2 2 2 1 1 1
 1 2 1 1 1 1 1 1 2 1 2 1 2 2 2 2 1 1 2 3 1 2 2 1 1 1 2 2 1 2 3 3 1 2 1 1 2
 1 2 2 2 1 1 1 1 1 1 1 3 1 1 2 1 2 1 1 1 1 1 0 2 1 1 1 0 3 1 3 3 1 1 3 1 3
 3 1 1 3 1 1 3 1 1 3 2 3 2 2 2 1 1 1 1 1 1 1 3 2 2 0 2 0 0 2 1 1 1 1 1 2 1
 1 0 2 2 1 2 2 0 1 1 3 1 2 2 2 1 1 2 2 0 1 1 1 2 1 1 2 1 1 0 1 1 2 2 0 0 1
 1 2 3 3 1 0 1 2 1 1 1 2 1 0 1 2 3 0 1 3 2 2 2 1 1 1 1 1 2 1 2 2 1 1 0 3 2
 1 2 0 2 2 1 3 0 1 2 1 0 2 1 2 2 1 1 1 1 3 2 1 1 1 1 1 1 1 1 2 1 0 1 3 1 1
 0 1 2 1 2 1 0 1 0 2 1 1 0 0 0 0 0]"
48,21,153,67,66,,53.4965034965035,23.426573426573427,23.076923076923077,pre,114_1,"[1 1 3 1 1 1 1 3 2 2 1 1 3 1 3 1 1 1 2 1 1 3 3 1 3 2 0 1 1 1 3 3 0 1 2 2 1
 3 1 1 3 2 2 3 3 1 1 1 2 3 1 2 1 1 3 3 2 3 3 1 2 2 3 1 1 3 2 2 3 1 3 3 3 3
 2 3 0 3 3 3 2 3 2 3 2 2 2 2 3 2 2 2 3 2 1 1 1 3 2 3 1 2 1 2 1 1 1 3 3 1 0
 1 1 3 1 1 3 1 2 1 2 1 1 1 1 2 2 1 1 3 2 1 2 1 1 2 1 3 3 3 3 1 3 1 0 2 1 1
 1 1 1 1 1 3 1 3 1 1 2 2 1 2 3 0 1 3 3 1 1 2 2 1 3 3 2 1 3 3 1 2 1 1 3 3 1
 2 1 1 2 3 1 2 2 1 2 0 1 1 1 1 1 2 1 1 1 1 2 1 3 2 3 1 3 1 1 0 2 1 2 1 2 1
 3 1 2 2 1 1 2 2 1 1 0 1 2 3 1 0 1 1 2 1 1 1 1 3 2 2 1 1 1 2 1 1 1 0 1 1 1
 1 1 1 1 1 1 1 3 1 1 1 3 2 2 1 1 1 1 3 1 2 1 1 1 1 1 1 0 1 0 1 0 1 0 1 1 0
 1 1 1 0 1 0 1 1 0 0 0]"
49,19,213,33,42,,73.95833333333334,11.458333333333332,14.583333333333334,early,114_1,"[1 1 1 3 3 3 1 1 1 1 0 2 1 3 2 1 1 1 1 1 1 3 2 1 1 0 1 1 1 1 1 1 1 1 1 1 1
 1 1 1 3 2 3 3 1 1 1 2 1 1 1 1 1 1 3 2 1 1 2 1 2 2 3 1 1 1 1 2 3 1 1 3 3 0
 1 3 1 1 1 1 2 2 3 3 2 1 2 2 1 1 2 3 2 1 1 1 1 1 1 3 1 1 1 1 1 1 1 1 3 1 1
 1 1 3 1 1 1 1 1 1 3 1 1 1 3 3 1 2 1 1 1 1 1 1 1 1 1 1 3 2 0 1 1 1 1 1 1 1
 1 1 1 1 1 1 1 1 0 3 1 3 1 0 1 1 1 2 1 2 1 1 1 1 2 3 1 1 1 1 1 1 1 1 1 1 0
 1 1 2 2 1 1 0 3 1 1 1 1 1 1 2 1 1 1 1 1 1 1 1 1 0 1 1 0 2 1 3 1 1 1 1 2 1
 2 1 1 1 1 1 1 1 1 1 1 1 1 3 1 1 1 1 3 1 1 1 1 3 0 2 1 3 0 0 2 1 1 1 1 1 1
 1 1 1 1 0 3 1 1 1 1 1 0 1 3 0 1 1 1 2 1 1 3 2 1 1 3 1 3 1 2 0 1 1 3 0 1 3
 1 1 1 3 1 1 0 1 1 3 1]"
50,12,151,63,81,,51.186440677966104,21.35593220338983,27.45762711864407,late,114_1,"[1 1 1 1 1 1 1 1 1 3 1 2 1 2 3 1 1 1 3 0 1 3 3 1 1 2 1 0 3 1 3 1 3 0 1 1 2
 3 2 3 2 2 3 3 1 1 1 2 1 2 1 2 2 1 3 3 2 1 2 3 3 1 2 1 2 1 3 2 3 1 3 2 3 1
 3 3 3 1 3 3 2 2 2 3 3 1 3 2 2 1 1 1 3 1 1 2 0 3 1 3 1 1 1 1 1 3 2 3 3 1 3
 1 1 1 1 0 3 1 1 1 3 1 2 1 3 3 3 1 2 3 2 3 1 1 2 2 1 1 2 2 1 1 3 1 1 3 1 1
 2 1 1 1 1 3 1 1 2 3 1 3 3 2 2 1 1 2 2 1 3 1 1 2 3 3 1 1 3 1 1 1 1 1 3 1 0
 1 1 2 3 2 1 2 2 2 3 2 2 1 1 0 1 3 1 2 1 1 3 1 3 1 3 3 1 3 1 0 1 3 1 1 2 1
 3 3 1 1 1 1 2 2 1 1 1 3 1 3 1 0 1 1 2 1 2 1 1 3 3 1 3 1 1 1 3 3 1 1 1 1 1
 3 3 2 1 1 2 1 1 2 1 1 3 1 1 1 2 3 1 3 1 2 1 2 2 1 1 3 1 1 2 3 1 0 3 1 2 0
 0 1 1 1 3 1 3 2 2 2 1]"
51,45,225,31,30,,78.67132867132867,10.839160839160838,10.48951048951049,pre,115_1,"[1 1 1 1 1 3 3 1 1 1 1 1 2 1 2 1 1 1 1 1 1 3 1 1 1 2 1 1 1 1 3 1 1 1 1 1 2
 3 1 1 1 1 1 2 1 1 2 1 2 1 1 1 3 1 1 1 1 1 1 1 1 1 2 2 1 1 3 1 1 1 2 3 1 1
 3 2 1 3 1 1 1 1 1 2 1 1 1 1 3 1 1 2 2 1 1 1 1 3 3 3 1 2 1 1 1 1 1 1 1 1 1
 1 1 1 1 1 1 1 1 1 1 1 1 1 3 1 3 2 1 2 1 1 1 3 1 1 2 1 2 3 3 1 3 3 1 1 1 1
 1 1 2 3 1 1 1 1 1 1 1 1 1 3 3 1 1 3 1 2 1 1 1 2 3 1 1 1 1 1 1 1 1 1 1 1 1
 1 1 1 1 3 1 1 1 1 1 1 1 2 1 1 1 1 2 1 1 1 1 1 1 1 1 2 3 2 1 1 1 1 2 1 3 3
 1 0 1 1 1 1 1 1 1 1 1 1 1 2 1 1 1 2 2 1 1 1 1 1 1 1 1 1 1 1 1 1 1 1 1 2 1
 1 1 1 1 1 0 0 0 1 1 1 1 1 1 1 0 1 1 1 1 1 1 1 0 1 1 1 1 1 1 1 1 1 0 0 0 0
 0 0 0 0 0 0 0 0 0 0 0 0 0 0 0 0 0 0 0 0 0 0 0 0 0 0 0 0 0 0 0 0 0 0 0]"
52,3,286,5,37,,87.1951219512195,1.524390243902439,11.28048780487805,early,115_1,"[1 1 1 1 3 3 0 1 1 1 1 1 1 1 1 1 3 1 1 1 1 1 1 1 1 3 3 1 1 1 1 1 1 1 1 1 1
 1 1 1 1 1 1 1 1 1 1 1 1 3 1 1 1 1 1 1 1 1 1 1 1 1 1 1 1 1 1 0 1 1 1 1 3 1
 1 1 1 3 1 1 1 3 1 1 1 3 1 1 1 3 1 1 1 1 1 1 1 1 1 1 1 1 1 1 1 1 3 1 1 3 2
 1 1 1 1 1 1 1 3 1 1 1 1 1 1 1 1 1 1 3 1 1 3 1 2 1 1 1 1 1 3 1 1 1 1 1 1 1
 1 1 1 1 3 1 1 1 1 1 1 1 1 1 3 1 1 3 1 3 1 1 1 1 3 1 1 1 1 1 1 3 1 1 1 1 1
 1 1 1 1 3 1 1 1 1 1 1 1 1 1 1 1 1 2 1 1 3 1 1 3 1 1 1 1 3 1 3 1 1 1 1 2 1
 1 3 1 1 1 1 1 1 1 1 3 1 1 1 3 1 1 3 1 3 1 1 1 1 1 1 1 1 1 3 1 1 1 1 1 3 1
 1 1 1 1 1 0 1 3 1 1 1 1 1 1 1 3 1 1 1 1 1 1 1 1 1 1 1 1 1 1 1 1 2 1 1 1 1
 1 1 1 1 1 1 1 1 1 1 1 1 1 1 1 1 1 1 1 1 1 1 1 1 1 1 1 1 1 1 1 1 1 1 1]"
53,16,211,15,89,,66.98412698412697,4.761904761904762,28.253968253968253,late,115_1,"[3 1 1 1 3 3 3 1 1 1 1 1 3 3 0 1 2 1 1 1 1 3 1 2 1 1 1 1 1 1 1 3 1 1 1 1 1
 1 1 3 1 1 1 3 1 1 3 3 3 1 2 3 3 1 1 1 1 1 1 3 2 1 3 1 1 1 1 3 1 1 2 1 3 1
 3 1 3 1 1 1 1 1 1 1 3 3 3 1 1 1 3 3 1 2 1 1 1 2 3 2 1 3 1 1 1 1 3 1 1 3 1
 1 3 1 1 1 3 0 1 1 1 1 1 3 3 1 3 3 3 2 3 1 3 3 1 1 3 1 1 3 3 3 1 3 1 1 1 3
 1 1 1 1 2 1 1 3 0 3 1 1 0 3 3 1 1 1 1 3 1 1 1 1 3 1 3 1 1 1 1 3 1 3 1 1 1
 1 1 1 1 3 1 3 3 3 1 3 3 3 1 1 1 1 1 1 1 3 3 3 3 1 3 1 3 3 0 3 1 1 3 1 2 3
 1 1 1 1 1 3 2 2 1 3 1 1 1 3 1 1 1 3 1 3 1 1 3 1 1 1 1 3 3 1 1 1 0 3 1 3 1
 1 1 1 0 1 1 1 3 1 1 3 1 1 1 3 1 1 1 1 1 1 1 1 3 1 1 1 1 1 1 1 1 2 1 1 1 1
 0 0 1 0 1 1 3 3 1 1 0 0 1 1 1 1 1 1 3 1 1 2 1 1 1 1 0 1 0 0 1 1 0 1 1]"
54,27,112,85,85,,39.71631205673759,30.141843971631204,30.141843971631204,pre,116_1,"[1 3 1 1 1 1 1 3 0 1 3 2 3 2 2 1 3 2 3 1 3 2 1 2 3 3 2 2 2 3 2 3 1 1 2 3 2
 1 1 3 1 1 3 1 1 3 3 0 3 1 2 2 1 3 2 3 1 3 3 1 3 3 3 3 2 1 2 3 3 1 2 2 2 1
 3 2 2 2 2 0 2 3 1 3 1 2 3 2 1 2 3 3 2 1 1 1 1 1 1 1 1 2 1 1 1 3 2 1 3 3 2
 1 3 2 2 1 1 3 2 1 1 1 2 2 2 2 2 1 2 3 2 1 3 3 3 3 1 3 1 1 3 1 3 2 3 1 1 3
 2 2 3 3 3 3 1 2 1 2 3 1 1 1 2 1 3 3 3 3 1 1 3 3 1 2 2 1 2 3 1 2 1 2 1 1 3
 2 1 1 3 3 2 1 3 2 1 0 3 2 2 1 3 2 1 2 3 1 2 1 2 1 2 1 1 1 2 3 1 3 2 1 3 1
 1 1 3 1 2 1 3 1 1 1 2 1 1 2 1 1 3 2 3 3 3 3 1 1 1 2 3 2 2 1 3 1 2 1 1 2 1
 2 1 3 2 1 2 2 3 3 2 2 3 3 2 1 1 2 3 2 2 1 2 0 0 0 1 1 0 0 1 1 0 0 0 0 0 0
 0 0 0 0 0 0 0 0 0 0 0 1 0]"
55,27,209,17,56,,74.11347517730496,6.028368794326241,19.858156028368796,early,116_1,"[1 1 1 1 1 1 1 1 1 1 0 1 1 3 1 0 3 1 3 1 0 1 1 1 1 3 1 1 1 3 2 2 1 1 1 1 3
 2 1 1 1 1 1 1 3 0 3 1 1 1 3 1 1 1 3 1 1 3 2 1 1 1 3 1 1 3 1 0 1 2 1 1 1 1
 1 1 1 1 2 1 1 3 1 1 1 1 2 1 1 1 1 1 3 1 1 1 1 1 2 1 1 3 0 1 1 3 1 1 1 0 1
 1 1 3 1 1 1 3 1 3 1 2 1 0 1 2 1 0 1 1 1 0 3 3 3 1 1 1 1 1 3 1 3 3 3 1 1 3
 1 1 3 3 1 3 1 1 1 1 1 1 1 1 1 1 1 1 1 1 1 1 1 1 1 1 1 3 1 3 1 1 1 1 1 1 1
 1 1 2 3 3 1 1 1 1 1 1 1 1 1 1 1 3 1 1 2 1 0 1 1 1 3 3 1 1 1 3 1 1 2 1 3 1
 1 1 3 1 1 1 1 1 3 1 1 3 1 3 1 1 1 1 3 3 3 0 1 1 1 3 3 1 1 1 2 1 2 1 1 3 1
 1 1 3 1 0 2 3 2 3 0 0 1 1 1 1 1 1 3 1 1 1 3 1 1 1 1 1 3 1 1 1 1 1 1 0 0 0
 1 0 0 1 0 0 0 1 1 0 0 0 0]"
56,13,161,48,87,,54.391891891891895,16.216216216216218,29.39189189189189,late,116_1,"[1 2 1 1 1 1 1 1 1 1 1 1 2 3 1 1 1 1 3 1 3 1 1 2 1 3 2 3 1 1 3 1 1 1 3 0 1
 1 1 2 1 1 3 1 1 1 2 3 2 1 3 3 1 3 1 3 1 3 3 3 2 3 1 3 1 1 2 2 3 2 3 1 2 1
 1 1 3 2 2 1 1 3 1 1 1 2 3 1 1 1 2 1 3 1 1 1 1 3 3 1 1 3 1 1 1 3 1 1 3 3 1
 3 1 2 1 1 1 3 1 2 1 1 3 1 3 1 2 2 1 1 3 2 3 3 3 1 3 3 1 3 2 3 3 2 3 1 2 3
 1 3 3 1 3 3 1 2 1 1 3 1 1 1 1 1 2 1 3 3 1 1 1 1 1 3 2 1 1 3 1 1 3 3 3 1 1
 2 1 2 2 3 1 2 2 1 2 1 3 2 3 1 1 2 2 1 1 1 1 2 3 2 3 3 1 1 1 3 1 1 1 1 3 1
 1 1 3 1 2 3 2 2 3 1 2 1 1 1 0 2 3 2 1 3 3 1 1 1 3 3 3 2 1 1 1 1 3 1 1 2 1
 1 3 3 1 1 1 3 1 3 0 3 0 1 3 1 1 3 3 1 2 1 3 1 1 1 3 1 3 0 3 1 1 0 1 0 1 0
 0 0 1 1 1 2 1 0 1 0 0 1 1]"
57,45,314,21,21,,88.20224719101124,5.8988764044943816,5.8988764044943816,pre,122_1,"[1 1 2 1 1 1 1 1 1 1 1 1 1 3 1 1 1 1 2 1 1 1 1 2 1 1 1 1 1 1 3 1 1 1 3 2 1
 2 2 2 2 1 1 1 1 1 3 1 1 3 1 1 1 1 1 1 1 1 1 1 1 1 1 1 1 1 1 1 1 1 1 1 3 1
 1 1 1 1 1 1 1 1 1 1 1 1 1 1 1 1 1 1 1 1 1 1 1 1 1 1 1 1 3 1 1 1 1 1 3 1 1
 1 1 1 1 1 1 1 2 1 2 3 1 1 1 1 1 1 1 1 1 2 1 1 3 1 1 1 1 3 1 2 3 1 3 1 1 1
 1 1 0 1 2 1 1 1 3 1 1 1 1 1 1 1 1 1 1 1 1 2 1 1 1 1 1 1 1 1 0 1 1 1 1 2 1
 1 1 1 1 1 1 1 1 1 1 1 1 1 1 0 1 1 1 1 1 1 1 1 1 1 1 1 3 3 1 2 1 1 1 1 1 3
 1 1 2 1 1 1 1 1 1 1 1 1 1 1 1 1 1 1 1 1 1 1 1 1 1 2 1 1 1 3 1 1 3 1 1 1 1
 2 1 1 1 1 0 1 1 1 3 1 3 1 1 1 1 1 1 1 1 1 1 1 1 1 1 1 2 1 1 1 1 1 1 1 1 1
 1 1 1 1 1 2 1 1 1 1 1 1 1 1 1 1 1 1 1 1 1 1 1 1 1 1 1 0 1 1 1 1 1 1 1 1 0
 1 1 1 1 1 1 1 1 1 1 1 1 1 1 1 1 1 1 1 1 1 1 1 1 1 1 1 1 1 0 0 0 0 0 0 0 0
 0 0 0 0 0 0 0 0 0 0 0 0 0 0 0 0 0 0 0 0 0 0 0 0 0 0 0 0 0 0 0]"
58,3,384,7,7,,96.4824120603015,1.7587939698492463,1.7587939698492463,early,122_1,"[1 1 1 1 1 1 1 1 1 2 1 1 1 2 1 1 1 1 1 1 1 1 1 1 1 1 1 1 1 1 1 1 1 1 1 2 1
 1 0 1 1 1 1 1 1 1 1 1 1 1 1 1 1 1 1 1 1 1 1 1 1 1 0 1 1 1 1 1 1 1 1 1 1 1
 3 1 1 0 1 1 1 1 1 1 1 1 1 1 1 1 1 1 1 1 1 1 1 1 1 1 1 1 1 1 1 1 1 3 1 1 1
 1 1 1 1 1 1 1 1 1 1 1 1 1 1 1 1 1 1 1 1 1 1 1 1 1 1 1 1 1 1 1 1 1 1 1 1 1
 2 1 1 1 1 1 1 1 1 1 1 1 1 1 1 1 1 1 1 3 1 2 1 1 1 1 1 1 1 1 1 1 1 1 1 1 1
 1 3 1 1 1 1 1 1 1 1 1 3 1 2 1 1 1 1 1 1 1 1 1 2 1 1 1 1 1 1 1 1 1 1 1 1 1
 1 1 1 1 1 1 1 1 1 1 1 1 1 1 1 1 1 1 1 1 3 1 1 1 1 1 1 1 1 1 1 1 1 1 1 1 1
 1 1 1 1 1 1 1 1 1 1 1 3 1 1 1 1 1 1 1 1 1 1 1 1 1 1 1 1 1 1 1 1 1 1 1 1 1
 1 1 1 1 1 1 1 1 1 1 1 1 1 1 1 1 1 1 1 1 1 1 1 1 1 1 1 1 1 1 1 1 1 1 1 1 1
 1 1 1 1 1 1 1 1 1 1 1 1 1 1 1 1 1 1 1 1 1 1 1 1 1 1 1 1 1 1 1 1 1 1 1 1 1
 1 1 1 1 1 1 1 1 1 1 1 1 1 1 1 1 1 1 1 1 1 1 1 1 1 1 1 1 1 1 1]"
59,26,314,40,21,,83.73333333333333,10.666666666666668,5.6000000000000005,late,122_1,"[1 1 2 1 1 1 1 2 1 1 1 1 1 1 1 1 1 1 1 1 1 1 0 1 1 1 1 1 1 1 1 2 1 1 1 2 1
 2 1 1 1 1 2 1 1 1 1 1 2 1 1 3 1 1 1 0 1 1 3 1 1 1 2 1 1 1 1 1 1 3 1 1 1 1
 3 1 1 1 1 1 1 1 1 1 1 1 1 1 2 3 1 1 1 1 1 1 2 1 2 2 1 1 1 1 2 2 2 1 1 1 1
 1 1 3 1 2 1 2 1 1 1 3 1 1 1 1 2 1 1 1 2 1 1 1 0 1 1 2 1 2 2 1 1 2 1 1 1 1
 3 1 1 1 2 1 3 1 1 3 1 2 1 1 1 1 1 2 1 1 1 2 1 1 1 1 1 0 1 1 2 1 1 1 2 3 1
 1 3 1 1 1 2 1 1 1 1 1 1 1 1 1 1 1 1 1 1 1 1 1 1 1 1 1 1 1 1 2 2 2 1 2 1 1
 1 1 1 1 1 1 1 1 1 1 1 2 1 1 1 0 2 3 1 1 1 1 1 0 1 1 1 1 0 3 1 1 1 1 1 3 3
 1 1 1 1 1 1 1 1 1 1 2 3 1 1 1 1 1 1 0 1 1 1 2 1 1 1 1 1 1 1 1 1 1 1 1 1 1
 1 2 1 1 1 1 3 1 1 2 1 0 1 1 1 1 1 1 1 1 1 1 1 0 1 1 1 3 1 3 1 1 1 1 1 1 1
 0 1 1 1 1 1 1 1 0 1 1 1 1 1 1 1 1 1 1 1 1 1 1 1 0 1 3 0 1 1 1 1 0 1 0 0 1
 1 1 1 1 0 1 1 1 1 1 1 0 1 1 0 1 0 1 0 1 1 1 1 1 0 0 0 1 1 1 0]"
60,93,400,149,149,,57.306590257879655,21.346704871060172,21.346704871060172,pre,121_1,"[1 3 1 1 1 2 1 1 1 1 3 3 1 2 1 3 3 1 1 1 1 1 1 1 1 3 1 1 1 1 3 1 1 2 1 1 2
 1 1 1 2 1 1 1 1 3 3 1 1 3 3 2 2 1 1 1 2 1 1 1 1 1 1 1 2 1 2 2 1 1 1 0 0 0
 3 3 1 2 3 2 3 2 2 3 2 1 2 3 1 2 1 2 0 2 3 1 1 3 1 2 3 1 2 3 1 1 1 0 1 1 2
 3 2 3 1 3 3 3 1 0 1 3 3 3 2 1 1 1 3 1 2 2 1 1 1 1 2 3 1 1 2 0 3 1 1 2 1 3
 0 0 2 2 2 2 1 3 3 3 3 2 1 2 2 1 2 2 2 2 1 1 2 1 3 3 1 1 1 1 1 1 1 1 1 1 1
 1 1 1 1 2 2 1 1 3 1 1 1 3 1 2 2 2 2 3 3 3 3 3 1 1 1 1 1 1 1 1 0 3 0 3 3 3
 2 1 1 1 1 1 1 1 1 1 1 1 1 2 1 2 2 2 2 3 1 3 1 1 1 1 2 1 3 2 3 1 1 3 1 2 1
 1 1 1 1 2 2 2 1 3 3 3 1 3 3 1 3 3 2 1 1 2 3 3 1 2 3 2 2 1 1 2 2 2 2 3 2 2
 3 1 1 2 3 1 1 2 3 3 2 1 1 1 1 0 2 2 3 2 1 1 2 1 1 1 1 3 3 1 2 1 3 2 2 3 3
 3 3 3 2 3 2 2 3 0 3 3 3 2 3 1 3 2 1 1 3 3 1 1 2 0 2 3 1 1 1 2 1 1 3 2 1 2
 1 2 2 2 3 1 2 2 3 2 3 1 3 1 2 1 3 1 1 2 3 3 2 2 3 3 1 0 1 2 1 1 3 1 3 3 3
 3 1 1 3 3 3 2 2 1 3 3 1 1 2 2 1 3 3 1 3 3 0 1 3 1 2 3 1 2 3 3 2 1 1 1 2 2
 2 1 0 1 1 1 1 3 1 3 1 2 1 1 2 1 3 3 2 1 1 2 2 1 2 2 3 1 1 1 1 1 2 3 2 2 2
 1 3 3 1 1 2 3 1 1 3 1 1 2 1 2 1 1 3 3 1 1 3 0 1 1 1 1 1 2 1 1 1 1 1 1 3 2
 2 2 1 1 3 2 1 3 1 1 1 1 2 1 3 3 1 2 1 1 1 2 2 1 1 2 3 3 3 1 2 1 1 1 0 1 1
 1 1 2 1 1 1 0 0 0 1 1 1 1 1 1 1 1 1 3 1 2 1 2 1 1 1 1 1 1 3 1 2 1 1 1 1 1
 0 1 1 1 0 3 1 1 1 1 1 1 3 0 1 1 1 1 3 3 2 1 1 0 1 1 0 1 3 1 1 1 1 1 1 1 0
 1 1 2 1 0 1 1 1 1 1 2 1 2 1 0 1 1 1 1 3 3 1 1 2 2 1 0 2 1 1 1 1 1 1 1 1 3
 1 1 1 1 1 1 1 1 1 1 2 1 1 1 3 1 1 0 1 1 0 1 1 1 0 0 0 0 0 1 1 1 0 0 1 0 0
 0 0 0 1 1 1 0 1 0 0 1 1 1 1 1 1 1 1 1 1 0 1 1 1 1 0 1 1 1 1 1 1 1 1 0 1 1
 1 1 1 1 1 1 1 1 1 0 0 0 0 0 0 0 0 0 0 0 0 0 0 0 0 0 0 0 0 0 0 0 0 0 0 0 0
 0 0 0 0 0 0 0 0 0 0 0 0 0 0]"
61,16,464,91,220,,59.87096774193549,11.741935483870968,28.387096774193548,early,121_1,"[1 1 1 3 1 0 1 3 1 1 1 1 2 1 2 3 3 2 0 3 2 1 1 1 1 1 3 1 1 1 3 1 1 1 2 1 3
 1 1 3 1 1 1 1 1 1 2 1 2 1 3 2 1 1 3 3 3 1 1 1 1 1 1 3 1 1 1 3 1 1 1 1 3 1
 2 3 1 1 1 3 3 1 3 3 3 1 1 3 3 1 1 2 1 2 3 2 2 3 1 1 1 1 3 3 1 2 3 1 1 1 2
 1 3 1 1 2 3 3 1 1 3 2 3 1 2 3 1 3 3 1 1 1 2 3 1 1 3 3 2 1 2 3 1 1 1 1 1 3
 2 1 2 1 1 3 1 3 1 3 3 3 1 3 3 1 3 1 1 3 1 1 3 1 3 1 1 1 3 3 1 1 1 1 2 1 1
 3 1 3 1 3 3 3 1 1 1 1 1 3 1 0 3 2 1 3 3 3 1 1 1 1 1 2 3 1 3 1 1 3 3 3 3 3
 2 3 2 1 1 1 1 1 1 1 1 1 1 1 1 1 1 3 1 2 1 1 1 2 3 3 1 3 3 1 1 1 1 3 1 1 1
 1 2 1 1 3 1 2 3 1 1 1 3 1 0 2 3 3 3 2 1 1 3 1 1 1 1 3 1 2 1 3 1 3 3 3 1 2
 1 3 1 1 3 1 1 3 3 1 1 1 1 1 1 1 1 3 3 1 1 1 3 3 1 1 1 3 1 1 2 1 1 1 1 2 0
 1 3 1 3 3 3 1 1 3 2 3 1 2 3 1 1 1 1 3 2 2 1 1 2 1 1 2 1 1 1 2 1 0 1 1 1 3
 1 2 1 3 1 2 1 1 3 1 3 1 1 3 1 1 2 2 2 3 3 2 3 3 3 2 1 1 1 3 2 2 3 2 3 2 2
 3 1 1 1 2 3 3 3 1 3 3 0 2 3 1 3 3 1 1 3 1 3 1 3 1 1 2 0 3 3 1 1 1 1 1 1 1
 1 3 0 2 1 1 1 3 1 1 1 3 1 1 2 1 3 3 1 3 1 3 3 1 2 3 1 1 1 1 1 1 1 3 3 2 1
 1 3 1 1 3 1 3 1 1 3 1 1 1 1 1 2 1 3 3 1 1 3 1 0 1 2 1 1 1 1 1 3 1 1 1 1 1
 2 1 1 1 1 3 2 2 2 1 1 1 1 2 2 1 3 3 3 1 2 1 2 1 1 3 3 1 3 1 3 1 1 1 1 1 1
 1 1 3 1 3 1 1 1 3 1 1 1 3 2 3 1 1 1 3 1 3 1 3 1 1 2 3 1 1 2 1 1 3 1 1 1 3
 3 1 1 2 1 3 1 1 1 1 3 2 1 1 1 1 1 3 3 1 3 3 1 3 1 1 1 3 2 1 3 3 1 1 3 1 1
 1 2 2 1 1 1 1 2 1 3 3 3 3 1 1 1 1 1 3 1 1 1 1 0 1 1 2 3 2 1 1 1 1 1 1 3 3
 1 0 1 1 2 1 1 1 1 1 3 3 1 1 3 1 1 3 1 1 1 1 1 3 1 1 1 1 1 3 1 1 3 1 3 1 1
 3 0 1 1 2 1 1 3 1 1 1 1 0 1 1 3 3 1 1 1 1 2 1 1 3 1 1 1 2 3 3 1 1 1 3 3 1
 3 3 0 1 3 1 1 1 3 1 0 1 1 1 2 3 1 1 1 1 1 1 1 3 1 1 1 3 3 1 1 1 1 1 1 1 1
 1 1 1 3 1 1 1 3 1 1 1 2 1 1]"
62,48,308,165,270,,41.4535666218035,22.207267833109018,36.33916554508748,late,121_1,"[1 2 2 1 1 1 0 2 2 1 1 1 0 3 1 3 3 2 0 3 1 1 1 1 1 3 2 3 1 1 3 2 3 1 2 3 2
 1 2 2 1 0 2 2 2 1 3 2 1 1 3 3 1 1 3 1 1 1 1 1 2 1 1 0 1 1 3 2 2 0 3 1 1 0
 3 3 2 2 3 2 3 1 1 3 3 1 3 3 3 2 2 0 3 1 3 3 2 3 1 2 3 1 3 1 1 1 1 3 1 1 2
 3 3 3 1 2 3 2 2 3 1 3 2 3 2 3 2 0 2 1 2 1 1 2 1 1 2 3 2 2 1 1 1 1 3 3 3 1
 0 1 3 1 3 3 3 3 3 3 3 2 3 3 3 1 3 0 2 1 2 1 3 3 3 2 1 2 3 2 1 1 3 1 3 3 1
 3 2 2 1 3 2 3 1 3 1 3 1 3 1 3 3 2 2 2 3 2 3 1 2 1 2 2 1 1 3 1 0 3 2 3 2 3
 3 2 2 1 3 1 1 3 1 2 1 1 1 0 1 1 0 2 2 2 3 2 3 1 3 3 2 3 3 3 1 2 1 3 1 3 1
 2 1 1 1 3 1 2 2 2 3 2 1 1 1 1 3 3 3 1 1 1 2 2 1 3 3 2 1 3 1 3 2 3 3 3 2 3
 2 1 1 2 3 1 1 3 2 1 1 2 1 1 1 1 2 3 3 2 1 1 2 3 1 3 2 3 1 1 3 2 3 1 1 2 2
 3 3 3 1 3 3 2 3 3 2 3 2 2 2 3 3 2 2 3 3 3 1 3 3 2 1 2 3 2 2 3 2 3 1 3 2 3
 1 1 3 2 1 2 1 1 3 3 3 1 1 3 2 2 2 3 2 3 3 3 3 3 3 0 1 1 1 3 2 1 3 2 3 3 3
 3 2 2 1 2 3 1 3 2 3 3 1 0 2 3 3 3 3 1 3 2 3 2 3 1 3 3 2 2 3 3 2 2 3 2 1 2
 1 3 1 3 1 1 1 3 1 3 1 3 1 1 2 1 3 3 1 1 1 1 3 1 2 3 2 1 1 1 3 1 1 3 3 2 1
 2 3 1 1 3 1 3 2 3 2 3 1 1 3 1 1 3 3 2 1 1 1 3 3 2 2 3 1 1 2 1 2 1 3 1 1 2
 2 3 1 1 1 3 1 3 2 1 1 3 2 3 3 1 3 1 3 1 1 1 3 1 1 3 3 1 3 1 3 2 1 1 1 1 1
 0 1 3 1 1 1 1 0 3 1 1 1 1 1 0 3 1 3 3 1 3 2 3 3 1 1 3 0 1 3 1 1 3 3 2 1 1
 3 1 3 3 3 3 1 3 1 1 3 3 1 2 0 1 1 1 3 3 3 3 3 3 2 1 1 1 2 1 2 3 1 1 1 1 2
 3 2 3 1 1 1 1 3 1 1 1 3 3 2 3 3 2 1 3 3 3 3 2 1 1 2 1 3 1 1 2 1 1 3 0 2 3
 2 1 3 1 1 3 1 1 3 1 3 2 1 1 1 1 0 3 1 2 1 1 1 1 1 0 0 1 3 3 0 2 1 1 3 1 0
 3 3 2 1 3 2 0 2 3 0 3 0 2 0 3 3 3 1 2 1 1 1 1 1 1 3 1 1 3 3 3 1 0 1 3 3 3
 3 1 3 1 2 2 1 2 3 1 1 1 1 1 1 2 1 1 0 0 1 0 0 1 0 1 1 3 1 0 0 0 0 1 0 1 1
 1 0 1 1 0 1 2 3 0 0 0 0 1 1]"
